{
    "train_loss": [
        1.884267684026658,
        1.6201525276698205,
        1.5142766149538545,
        1.4521242935475651,
        1.4002070127930626,
        1.3588736082458899,
        1.3218570752407766,
        1.2891140453231689,
        1.2572401868097096,
        1.2288694145389591,
        1.2038303394161527,
        1.1819017587510083,
        1.1583737444844435,
        1.1365935122326458,
        1.1155154000852763,
        1.0960678301913622,
        1.0768624488324225,
        1.05953137982065,
        1.0411048901153757,
        1.0232477804456082,
        1.0080885925698897,
        0.9928385730324439,
        0.9775075088287518,
        0.959143918826772,
        0.9455649579005629,
        0.9302362285431741,
        0.9157781260742466,
        0.9015278974468856,
        0.8864587460421156,
        0.8734517145152855,
        0.8590227786671701,
        0.84620716607514,
        0.83466063465846,
        0.822259132774428,
        0.8105309346285485,
        0.7981773176839495,
        0.7883597498610584,
        0.7779702416608676,
        0.7697798076101348,
        0.7602758979384511,
        0.7529810069024532,
        0.7465502193208069,
        0.7396662165714581,
        0.7335195669536256,
        0.7284911564965121,
        0.72507904816943,
        0.7220267962566196,
        0.7195205463682393,
        0.7177208656883157,
        0.7166383915264258
    ],
    "train_accuracy": [
        0.29316469063505013,
        0.40200643210291365,
        0.44530312484999757,
        0.4687034992559881,
        0.489679834877358,
        0.5060960975375606,
        0.5168722699563193,
        0.5328565257044112,
        0.5439207027312437,
        0.5546728747659962,
        0.5645610329765276,
        0.5740891854269667,
        0.5826813229011664,
        0.5897374357989728,
        0.5975855613689819,
        0.6015696251140018,
        0.6121537944607114,
        0.6177458839341429,
        0.6241779868477896,
        0.6306340901454422,
        0.636754188067009,
        0.6430422886766188,
        0.6487303796860749,
        0.6556424902798444,
        0.659410550568809,
        0.6659146546344741,
        0.6693707099313588,
        0.6750108001728027,
        0.6823309172946767,
        0.6871789948639178,
        0.6910910574569192,
        0.6960111361781788,
        0.7004272068353093,
        0.7050592809484951,
        0.7096433542936686,
        0.7124993999903998,
        0.7175874813997023,
        0.7223875582009311,
        0.7241635866173858,
        0.7279556472903566,
        0.7304756876110017,
        0.7330437286996592,
        0.7373637978207651,
        0.7386598185570968,
        0.7413718619497911,
        0.7423798780780492,
        0.7433638938223011,
        0.7448039168626698,
        0.7448039168626698,
        0.7454999279988479
    ],
    "val_loss": [
        1.698637345840183,
        1.5654916419724294,
        1.5051134323255604,
        1.4416772384909036,
        1.4159060219709096,
        1.3700974437582256,
        1.340003180423743,
        1.303179330067123,
        1.2831452056061086,
        1.2607343714386547,
        1.2563156966027922,
        1.2372416025847877,
        1.2346555625245186,
        1.2236720566157961,
        1.1926968078090328,
        1.2026566389741615,
        1.2212224877192472,
        1.1845331968722195,
        1.1732715599852155,
        1.1877054361264883,
        1.191480177396317,
        1.1711912248842373,
        1.168517027923693,
        1.1767555974014434,
        1.1607852140318613,
        1.148568642720176,
        1.1629980151419277,
        1.156196238412713,
        1.1602485191344298,
        1.1445356287743396,
        1.1459249033612087,
        1.1576760914333153,
        1.1634582936663636,
        1.1470257204329048,
        1.1528924629217376,
        1.1666933504946375,
        1.1651414347289992,
        1.1633486533182142,
        1.1668915568366165,
        1.169424885578627,
        1.1767327686651508,
        1.1754292079176238,
        1.176311505392984,
        1.1827979471462078,
        1.1806883051694654,
        1.182153376552851,
        1.1842683394921607,
        1.1827383003762393,
        1.182820228998799,
        1.1828232921654582
    ],
    "val_accuracy": [
        0.3712502999760019,
        0.4293256539476842,
        0.45224382049436046,
        0.4775617950563955,
        0.48812095032397407,
        0.5079193664506839,
        0.5200383969282457,
        0.5331173506119511,
        0.5400767938564914,
        0.5530357571394289,
        0.5482361411087113,
        0.5578353731701464,
        0.5578353731701464,
        0.5667146628269738,
        0.5791936645068394,
        0.5764338852891768,
        0.5653947684185265,
        0.583993280537557,
        0.5925125989920806,
        0.5803935685145188,
        0.585913126949844,
        0.5884329253659707,
        0.5947924166066715,
        0.5913126949844012,
        0.5928725701943844,
        0.6030717542596592,
        0.597552195824334,
        0.599592032637389,
        0.6040316774658028,
        0.6136309095272379,
        0.6081113510919126,
        0.6059515238780897,
        0.6076313894888409,
        0.60943124550036,
        0.6089512838972883,
        0.6101511879049676,
        0.6149508039356851,
        0.6138708903287737,
        0.6126709863210943,
        0.6107511399088073,
        0.6121910247180226,
        0.6121910247180226,
        0.6118310535157188,
        0.6125509959203264,
        0.6133909287257019,
        0.613270938324934,
        0.611351091912647,
        0.6120710343172546,
        0.6135109191264699,
        0.6135109191264699
    ],
    "test_loss": 1.1953910437703132,
    "test_accuracy": 0.5974
}