{
    "train_loss": [
        1.9189272409313292,
        1.6650620465122297,
        1.5423199387614763,
        1.457093060557374,
        1.3952241792444455,
        1.3463537940334462,
        1.3070552070079153,
        1.2722130170141073,
        1.2412330052950251,
        1.214476526410113,
        1.1907859648526593,
        1.1668333617642845,
        1.1458095896463207,
        1.124372958224282,
        1.1029660499245264,
        1.0831377105191489,
        1.0672448039632807,
        1.0486023861124325,
        1.0303562660747843,
        1.013216327058481,
        0.993966419417682,
        0.9765960954300287,
        0.9629579840851764,
        0.947617985027428,
        0.9294614489855703,
        0.9138847029781922,
        0.8979396544819243,
        0.8820079445856095,
        0.8684929697448234,
        0.8546145944687349,
        0.8389219260448078,
        0.8235326080588803,
        0.8118913675292412,
        0.7985823594052672,
        0.7861190666240525,
        0.7744560583132007,
        0.7628924262036268,
        0.752600581592578,
        0.7433412290745849,
        0.7339395545639399,
        0.7256598525625124,
        0.7180460834662822,
        0.7112046141292395,
        0.7059489234367118,
        0.7011341639569413,
        0.6973614228565419,
        0.6937024303898949,
        0.6913276734947729,
        0.6895410185304726,
        0.6884083215876651
    ],
    "train_accuracy": [
        0.28294052704843276,
        0.38069409110545765,
        0.4349349589593433,
        0.4672394758316133,
        0.4931598905582489,
        0.5109441751068017,
        0.5244803916862669,
        0.5397686362981807,
        0.5498487975807612,
        0.5595689531032496,
        0.5707051312821004,
        0.5778812460999375,
        0.5875774012384197,
        0.5937935006960111,
        0.6029856477703643,
        0.6120577929246868,
        0.6172418758700139,
        0.6236739787836605,
        0.6296980751692026,
        0.6369941919070705,
        0.6432102913646618,
        0.65324245187923,
        0.6545624729995679,
        0.6605865693851101,
        0.666898670378726,
        0.6727787644602313,
        0.6795708731339701,
        0.6863149810396966,
        0.6909470551528824,
        0.6969231507704123,
        0.7011472183554937,
        0.706379302068833,
        0.7112513800220803,
        0.717203475255604,
        0.7232755724091585,
        0.7278356453703259,
        0.7305716891470263,
        0.7339317429078864,
        0.7411558584937359,
        0.7432918926702827,
        0.7460999375990015,
        0.7517880286084577,
        0.7526040416646665,
        0.7553880862093793,
        0.7560360965775452,
        0.759156146498344,
        0.7605241683866941,
        0.7607401718427494,
        0.7621321941151058,
        0.7625642010272163
    ],
    "val_loss": [
        1.7262425619777169,
        1.612409880357536,
        1.4886989507682036,
        1.464548753868169,
        1.3825491678523079,
        1.3548814659070592,
        1.3480347387791252,
        1.3052649168708441,
        1.3235391703961077,
        1.285236286550567,
        1.2928715270000994,
        1.264195081367749,
        1.2525908842285902,
        1.227104901781121,
        1.2348943670962622,
        1.212928966535262,
        1.2209361444310316,
        1.2173103708885602,
        1.2147386080789029,
        1.1989149482009336,
        1.189430560543865,
        1.1991015707585404,
        1.2201695097187941,
        1.1995178095036225,
        1.1930655984675995,
        1.209494280334511,
        1.2052679043151446,
        1.208055809730244,
        1.201054414928689,
        1.202530242740493,
        1.2130955516190618,
        1.2150831417497296,
        1.1958078475615834,
        1.197979163517047,
        1.2185592526278965,
        1.214717203896481,
        1.211696128658405,
        1.2251514732937805,
        1.2372989542326367,
        1.2301561383426347,
        1.2362028779401635,
        1.2403367858068073,
        1.2403433259182306,
        1.2450811699594215,
        1.2439588686674368,
        1.242294513917467,
        1.2447144272718207,
        1.2454443394293853,
        1.24530390723163,
        1.2457224154732682
    ],
    "val_accuracy": [
        0.35985121190304775,
        0.40208783297336215,
        0.4536837053035757,
        0.46556275497960165,
        0.5034797216222702,
        0.5073194144468443,
        0.5158387329013678,
        0.5263978881689465,
        0.5227981761459083,
        0.5371970242380609,
        0.541036717062635,
        0.5451163906887448,
        0.5502759779217663,
        0.5656347492200624,
        0.5640748740100792,
        0.568274538036957,
        0.5689944804415646,
        0.5717542596592272,
        0.5710343172546196,
        0.5766738660907127,
        0.583873290136789,
        0.5814734821214302,
        0.5773938084953204,
        0.5825533957283417,
        0.5854331653467723,
        0.58207343412527,
        0.5833933285337173,
        0.5886729061675066,
        0.5922726181905448,
        0.5914326853851691,
        0.5871130309575234,
        0.5899928005759539,
        0.593952483801296,
        0.5988720902327814,
        0.5929925605951524,
        0.5951523878089753,
        0.5999520038396928,
        0.5999520038396928,
        0.6007919366450684,
        0.5998320134389249,
        0.597552195824334,
        0.5998320134389249,
        0.6007919366450684,
        0.5992320614350852,
        0.5955123590112791,
        0.5987520998320134,
        0.5977921766258699,
        0.5991120710343173,
        0.6001919846412287,
        0.6001919846412287
    ],
    "test_loss": 1.2569132315516471,
    "test_accuracy": 0.5846
}