{
    "train_loss": [
        1.7165579736470227,
        1.3570729353788038,
        1.2263796222665986,
        1.133691217571673,
        1.0622702543187208,
        1.0120577930500017,
        0.970245535215299,
        0.9344412259829403,
        0.9041890383413325,
        0.8755558152437519,
        0.8509591677684926,
        0.8300256065014704,
        0.8077171049993872,
        0.7873362328873098,
        0.7686887817456514,
        0.7517985435896437,
        0.7336547757979803,
        0.7163313355613177,
        0.6983012363178013,
        0.6820958576796408,
        0.6631913876561261,
        0.6513716185573013,
        0.6320555387971862,
        0.6175074748874071,
        0.6016873762892022,
        0.5868568797996125,
        0.5712261586492285,
        0.5555028073832636,
        0.5403388186710587,
        0.5252465363989162,
        0.5086244118538457,
        0.4935537028824676,
        0.4807976113379027,
        0.46592912437003636,
        0.4518760738933057,
        0.4399296322933407,
        0.4262640954813866,
        0.4153427587317727,
        0.40403073157827074,
        0.3938086662683431,
        0.38353306810467946,
        0.3747190167636655,
        0.36744222338919574,
        0.3610800766717216,
        0.35519512450124113,
        0.3500701564445989,
        0.3466692165729244,
        0.34369283327139455,
        0.34167690985234683,
        0.34039927418079297
    ],
    "train_accuracy": [
        0.3726059616953871,
        0.5097201555224883,
        0.5572409158546536,
        0.5947295156722507,
        0.6183938943023088,
        0.6369941919070705,
        0.653746459943359,
        0.6680986895790332,
        0.676066817069073,
        0.6863149810396966,
        0.698387174194787,
        0.705707291316661,
        0.7136514184226947,
        0.7216195459127346,
        0.7272596361541784,
        0.732179714875438,
        0.7394278308452935,
        0.7455239283828541,
        0.7501080017280276,
        0.7592281476503624,
        0.7641002256036096,
        0.7691403062448998,
        0.7765324245187922,
        0.7807564921038737,
        0.7891806268900302,
        0.7933326933230931,
        0.8008928142850286,
        0.8066769068305092,
        0.8106129698075168,
        0.8165170642730283,
        0.8208611337781404,
        0.8277252436038977,
        0.8318533096529543,
        0.8379014064225027,
        0.8434694955119282,
        0.8482695723131569,
        0.8551336821389142,
        0.8588297412758603,
        0.8646858349733595,
        0.8669898718379494,
        0.8710459367349878,
        0.8749099985599769,
        0.8783660538568616,
        0.8820621129938079,
        0.8836701387222196,
        0.8856861709787356,
        0.8866701867229875,
        0.8882302116833869,
        0.8894062304996879,
        0.8899342389478231
    ],
    "val_loss": [
        1.4556504185891477,
        1.2813409053938893,
        1.1723017932014383,
        1.1022374203859087,
        1.0678769797193997,
        1.043436466403107,
        1.0100759127914176,
        0.9911734546606907,
        0.978133303708014,
        0.9686866364219877,
        0.9470223397810396,
        0.9362123085922093,
        0.9419764443312957,
        0.9439581405753165,
        0.9481677763290991,
        0.9287010701420154,
        0.9420717607049138,
        0.9207733086481751,
        0.9360907087516006,
        0.9321147915532842,
        0.9269546805124418,
        0.9381131491938283,
        0.9444764905949133,
        0.9598784915815018,
        0.9463047180025304,
        0.9521875238179702,
        0.9632121210071661,
        0.9666177659747639,
        0.9656453216379142,
        0.977647425024407,
        0.9912187908231883,
        0.9961775898028684,
        1.0171232740635032,
        1.0210276539302257,
        1.0318123481869126,
        1.046663874292262,
        1.062761909657169,
        1.058281113518094,
        1.0907646335495127,
        1.0747991900748919,
        1.096002640927227,
        1.0946366562187773,
        1.1059456407811064,
        1.1139171984952319,
        1.112203728544403,
        1.123576927189886,
        1.1231795016811181,
        1.1244340298949014,
        1.1252791285666812,
        1.125123158099055
    ],
    "val_accuracy": [
        0.462802975761939,
        0.5368370530357571,
        0.5856731461483081,
        0.6133909287257019,
        0.6208303335733142,
        0.6330693544516439,
        0.6475881929445645,
        0.6481881449484042,
        0.6544276457883369,
        0.6595872330213582,
        0.6639068874490041,
        0.6684665226781857,
        0.6681065514758819,
        0.670026397888169,
        0.6706263498920086,
        0.67578593712503,
        0.6742260619150467,
        0.6785457163426926,
        0.6790256779457643,
        0.677705783537317,
        0.6809455243580513,
        0.6801055915526758,
        0.6771058315334774,
        0.679745620350372,
        0.6832253419726422,
        0.6843052555795537,
        0.681785457163427,
        0.6827453803695704,
        0.6810655147588193,
        0.6891048716102712,
        0.6814254859611231,
        0.6807055435565155,
        0.6805855531557475,
        0.6862251019918406,
        0.6841852651787858,
        0.6828653707703384,
        0.6792656587473002,
        0.6849052075833933,
        0.6808255339572834,
        0.6833453323734101,
        0.6807055435565155,
        0.6820254379649628,
        0.6821454283657308,
        0.681785457163427,
        0.6822654187664987,
        0.6825053995680346,
        0.681545476361891,
        0.6799856011519079,
        0.6799856011519079,
        0.6801055915526758
    ],
    "test_loss": 1.0071156069144607,
    "test_accuracy": 0.6829000000000001
}