{
    "train_loss": [
        1.5426542584988672,
        1.2138471321978834,
        1.10168423460614,
        1.0315855995127445,
        0.980950140629191,
        0.9351158300736104,
        0.8963726757941229,
        0.8656764751032795,
        0.8355154706559396,
        0.807375907626863,
        0.7799412809068795,
        0.7521618815835517,
        0.7265968505848,
        0.7016585056407999,
        0.6784081422767059,
        0.6537825844973442,
        0.6282618425810457,
        0.6049391288071211,
        0.5818340984719718,
        0.5548826134332597,
        0.5299595518941864,
        0.504860688792003,
        0.4795389236736683,
        0.4527206146207229,
        0.4286167407867469,
        0.40235301560236314
    ],
    "train_accuracy": [
        0.4409590553448855,
        0.5666730667690683,
        0.6103537656602506,
        0.6355541688667018,
        0.6505304084865358,
        0.6684826957231316,
        0.6814909038544616,
        0.692867085873374,
        0.7052992847885565,
        0.7155474487591801,
        0.7264196227139634,
        0.7349397590361445,
        0.7436038976623626,
        0.7522680362885805,
        0.7627322037152594,
        0.7710363365813853,
        0.7776364421830749,
        0.7878366053856861,
        0.7965007440119042,
        0.8082609321749148,
        0.8127730043680699,
        0.8223251572025152,
        0.8336053376854029,
        0.8431574905198482,
        0.8501896030336484,
        0.8620697931166899
    ],
    "val_loss": [
        1.289818908431875,
        1.1645626965145828,
        1.1064730316207425,
        1.0381162821288186,
        1.0303602292293377,
        1.0062080427328401,
        0.9888879013971256,
        0.9740566801103666,
        0.9751875683118149,
        0.9556560195519365,
        0.945757964903541,
        0.9391271900881787,
        0.9343970083692591,
        0.9438132514820873,
        0.9486793976322707,
        0.9697292528980379,
        0.9589237871682412,
        0.9604638447028028,
        0.9838724310217299,
        0.9838662236635708,
        1.013219025299822,
        1.0182542276573405,
        1.0709507578202995,
        1.0824609873590636,
        1.097486309147522,
        1.1521697796233945
    ],
    "val_accuracy": [
        0.5406767458603312,
        0.5805135589152868,
        0.6029517638588913,
        0.6295896328293736,
        0.6324694024478041,
        0.640628749700024,
        0.6496280297576194,
        0.6612670986321094,
        0.6565874730021598,
        0.6672666186705064,
        0.6702663786897048,
        0.6743460523158147,
        0.6762658987281017,
        0.6719462443004559,
        0.6741060715142788,
        0.6725461963042957,
        0.6780657547396208,
        0.6801055915526758,
        0.6743460523158147,
        0.681545476361891,
        0.673866090712743,
        0.6729061675065995,
        0.6711063114950804,
        0.6672666186705064,
        0.6665466762658987,
        0.6687065034797216
    ],
    "test_loss": 0.9946022142976523,
    "test_accuracy": 0.6711
}