{
    "train_loss": [
        1.5133615275223096,
        1.2226980823353102,
        1.0988426510968279,
        1.008989229442829,
        0.9370700171452377,
        0.8733990262895758,
        0.8141781952013429,
        0.7522295959004517,
        0.690831097309865,
        0.6347218006073224,
        0.5748483464826357,
        0.5183439801479236,
        0.46903344149617837,
        0.41540645627845924,
        0.3770465709706075,
        0.33208772602054726,
        0.2993173367227925,
        0.2670533115807046,
        0.2360090225987085,
        0.21161110894739776,
        0.1864639849896819,
        0.16795534814998692,
        0.14597933322333576,
        0.13110433704346405,
        0.11770147376439351,
        0.10580246393051759,
        0.09027591316233119,
        0.08043400473176442
    ],
    "train_accuracy": [
        0.4459271348341573,
        0.5629530072481159,
        0.6078577257236115,
        0.6416262660202563,
        0.6682906926510824,
        0.6924350789612633,
        0.7120913934622953,
        0.7320837133394134,
        0.7553880862093793,
        0.7754764076225219,
        0.7965727451639226,
        0.8160850573609177,
        0.8316373061968991,
        0.8547016752268036,
        0.8654058464935438,
        0.8821341141458263,
        0.8930542888686218,
        0.9050304804876877,
        0.9163826621225939,
        0.9241107857725723,
        0.9332549320789132,
        0.940215043440695,
        0.948879182066913,
        0.9522632362117793,
        0.9586953391254259,
        0.9624873997983967,
        0.9685114961839388,
        0.9720875534008544
    ],
    "val_loss": [
        1.3079350326225458,
        1.1956276458488941,
        1.138351003829598,
        1.0914698786119892,
        1.05774770726796,
        1.1145432031366331,
        1.0792550729824137,
        1.1215669960749073,
        1.1302039205870642,
        1.1976127177012004,
        1.20751223884986,
        1.2525197771353946,
        1.3499248903132983,
        1.4306710310224895,
        1.4786883645530282,
        1.5607602671128484,
        1.6725057069134421,
        1.7230711479141383,
        1.83425584032091,
        1.9045949802213875,
        2.0243239173925347,
        2.0691332693544973,
        2.1070997252459573,
        2.222188192925487,
        2.2985616015363775,
        2.367369661286906,
        2.431270808910355,
        2.4710783999259482
    ],
    "val_accuracy": [
        0.5232781377489801,
        0.5693544516438684,
        0.5873530117590593,
        0.6144708423326134,
        0.6234701223902088,
        0.6173506119510439,
        0.6262299016078714,
        0.6198704103671706,
        0.6163906887449004,
        0.615190784737221,
        0.6121910247180226,
        0.6148308135349172,
        0.6087113030957524,
        0.607511399088073,
        0.605471562275018,
        0.6009119270458363,
        0.5932325413966882,
        0.5985121190304775,
        0.5892728581713463,
        0.5914326853851691,
        0.5902327813774898,
        0.5903527717782577,
        0.5947924166066715,
        0.5928725701943844,
        0.5953923686105111,
        0.5872330213582914,
        0.5946724262059035,
        0.5967122630189585
    ],
    "test_loss": 1.0975284573376178,
    "test_accuracy": 0.6215
}