{
    "train_loss": [
        1.545317441787252,
        1.220450868593063,
        1.067652315932767,
        0.9405095859284145,
        0.8192877211962363,
        0.6995568093044223,
        0.581802219576604,
        0.48004818481698,
        0.38585223739001406,
        0.31507252329534075,
        0.26061635930430893,
        0.22296673386546242,
        0.19020104476044528,
        0.16632597127210197,
        0.14250265480772217,
        0.12032362428068778,
        0.1119302890715189,
        0.0992096633499578,
        0.08763283805963684,
        0.07875960517624789,
        0.06791621926133835,
        0.06100179466964855,
        0.05340593338252991,
        0.04754741706968723
    ],
    "train_accuracy": [
        0.43325493207891325,
        0.559808956943311,
        0.6179138866221859,
        0.664738635818173,
        0.7092113473815581,
        0.7512360197763164,
        0.7944127106033696,
        0.8290932654922478,
        0.861589785436567,
        0.8872941967071473,
        0.9069745115921855,
        0.9213027408438534,
        0.9322949167186675,
        0.9413910622569961,
        0.9498871981951711,
        0.9574713195411126,
        0.9601833629338069,
        0.966207459319349,
        0.9690155042480679,
        0.9732155714491432,
        0.9766236259780156,
        0.9792396678346853,
        0.9819997119953918,
        0.9841357461719387
    ],
    "val_loss": [
        1.3779790335660476,
        1.2019084977222514,
        1.1569228157426117,
        1.1832624933460447,
        1.2106030681649929,
        1.2546118786931753,
        1.3778154921883554,
        1.461924231995388,
        1.6477289928902474,
        1.8279980066685417,
        1.959404273092289,
        2.0726577996803552,
        2.1949920523728443,
        2.278266130873604,
        2.4240433750586963,
        2.4864098164267463,
        2.568207725925442,
        2.6804979338509796,
        2.7305916322657593,
        2.8407655687287954,
        2.9025272007855936,
        2.9197532095409304,
        2.986869215949179,
        3.0058654752571807
    ],
    "val_accuracy": [
        0.5065994720422367,
        0.5679145668346532,
        0.5943124550035997,
        0.5923926085913127,
        0.5883129349652028,
        0.5884329253659707,
        0.5909527237820974,
        0.5763138948884089,
        0.5631149508039357,
        0.5627549796016319,
        0.5655147588192945,
        0.5596352291816654,
        0.5598752099832014,
        0.5673146148308136,
        0.5579553635709144,
        0.5637149028077754,
        0.5616750659947204,
        0.5613150947924166,
        0.5597552195824333,
        0.5614350851931845,
        0.5691144708423326,
        0.5664746820254379,
        0.5617950563954883,
        0.5728341732661387
    ],
    "test_loss": 1.1318624942302704,
    "test_accuracy": 0.5921000000000001
}