{
    "train_loss": [
        1.7824444628217322,
        1.5040146827809335,
        1.3954566105622999,
        1.3179555645839551,
        1.2561345876153007,
        1.2053014079132707,
        1.1577951806801128,
        1.1110792317507403,
        1.0687372519452316,
        1.0296090897799441,
        0.9885288600899772,
        0.9432783592799013,
        0.9062589816185823,
        0.862617431594825,
        0.8214744044804787,
        0.7771323249863404,
        0.7335539621846878,
        0.695207858486325,
        0.6529449231081115,
        0.6135246835427995,
        0.5696530525460792,
        0.5309011913048851,
        0.4882673722672298,
        0.45085585335040174,
        0.4136520790133375,
        0.37879355440369283,
        0.3401638431391327,
        0.31187213108269696,
        0.2784695055302947,
        0.24549502960876865,
        0.21828965890745097,
        0.19315185311272473,
        0.16871293356149666,
        0.14616812279784358
    ],
    "train_accuracy": [
        0.33578937262996206,
        0.44458311332981326,
        0.4867997887966207,
        0.5169202707243316,
        0.544304708875342,
        0.5611769788316613,
        0.5800652810444967,
        0.597105553688859,
        0.6125858013728219,
        0.6287140594249507,
        0.6412182594921518,
        0.6574905198483175,
        0.6732587721403542,
        0.6894350309604953,
        0.70054720875534,
        0.7193155090481447,
        0.7299716795468727,
        0.7484759756156099,
        0.7639322229155666,
        0.7753804060864974,
        0.7939327029232467,
        0.8085489367829884,
        0.8228051648826381,
        0.8348533576537224,
        0.8488695819133105,
        0.8637258196131138,
        0.8771900350405606,
        0.8881102097633562,
        0.9001104017664282,
        0.9133346133538136,
        0.9234387750204003,
        0.9329189267028272,
        0.94304708875342,
        0.9521672346757547
    ],
    "val_loss": [
        1.5872456702449094,
        1.4800228167129472,
        1.4198538920906256,
        1.3674052404447627,
        1.3433062337358592,
        1.3438103474785676,
        1.3131798302094542,
        1.3275922748548739,
        1.3047630370364134,
        1.3301342045886069,
        1.3495985911651742,
        1.3544278315911913,
        1.3603367609802641,
        1.401597320504231,
        1.4290155931459734,
        1.4656358585244378,
        1.556712349055624,
        1.5567300899483072,
        1.6366219854280477,
        1.6826481785681542,
        1.7492476602037776,
        1.8114343408860833,
        1.9299654152171917,
        2.02915071406924,
        2.132041908416183,
        2.24818664706952,
        2.3510395512932463,
        2.5181122348481355,
        2.646737314201042,
        2.8058236706505757,
        2.9236895110907817,
        3.0670572061771995,
        3.2941620531732196,
        3.394099643301529
    ],
    "val_accuracy": [
        0.4191264698824094,
        0.4636429085673146,
        0.4990400767938565,
        0.5151187904967602,
        0.5199184065274778,
        0.5236381089512839,
        0.537077033837293,
        0.5371970242380609,
        0.5439164866810655,
        0.5422366210703143,
        0.544756419486441,
        0.5431965442764579,
        0.5460763138948884,
        0.5345572354211663,
        0.5380369570434366,
        0.5367170626349892,
        0.5241180705543557,
        0.5349172066234701,
        0.5323974082073434,
        0.5279577633789296,
        0.5207583393328534,
        0.5297576193904487,
        0.5230381569474442,
        0.5257979361651068,
        0.5166786657067435,
        0.5201583873290136,
        0.5212383009359252,
        0.5179985601151907,
        0.5161987041036717,
        0.5118790496760259,
        0.5129589632829373,
        0.5122390208783297,
        0.511759059275258,
        0.5087592992560596
    ],
    "test_loss": 1.3677912996172905,
    "test_accuracy": 0.5302
}