{
    "train_loss": [
        1.5323101158349919,
        1.2276778062126477,
        1.0778640169557867,
        0.9499251358463172,
        0.8259275157507249,
        0.7043903088201136,
        0.5836076726488312,
        0.47335025984435375,
        0.3832203453610632,
        0.3069225024526359,
        0.24801892919343588,
        0.199730756182424,
        0.17470976276645203,
        0.14883940868653978,
        0.13005325862319916,
        0.11177167676032075,
        0.09853555083045386,
        0.08679581082524378,
        0.0778066062987853,
        0.07103698670806258,
        0.0626188565266239,
        0.052132037527901756,
        0.049608775140942356,
        0.04203283802010444,
        0.035617281628628095
    ],
    "train_accuracy": [
        0.43414294628714056,
        0.5592329477271636,
        0.6152258436134977,
        0.6630346085537369,
        0.7105793692699083,
        0.750996015936255,
        0.7961167378678058,
        0.8312533000528008,
        0.8656218499495991,
        0.8915422646762348,
        0.9121345941535064,
        0.9299428790860653,
        0.9395910334565353,
        0.9480151682426918,
        0.9533672538760619,
        0.9612633802140834,
        0.9644314309028944,
        0.9694955119281908,
        0.9730475687611001,
        0.9750396006336101,
        0.979191667066673,
        0.9831277300436806,
        0.9839197427158833,
        0.9856957711323381,
        0.9883358133730139
    ],
    "val_loss": [
        1.349774373358664,
        1.228961877837752,
        1.1792508068346765,
        1.1852101679897606,
        1.2418371287501055,
        1.3083666624112011,
        1.417387778406553,
        1.5484804648745967,
        1.7006786141302308,
        1.9415761810828662,
        2.1637338568352096,
        2.3456146086266436,
        2.43759542584995,
        2.536661285038064,
        2.63988678432681,
        2.8097545741738776,
        2.942357182575831,
        2.928903196973425,
        2.9905557770765685,
        3.1316977639219723,
        3.149973969238752,
        3.2128079722049656,
        3.320578227587132,
        3.3042482800056696,
        3.3522100728179502
    ],
    "val_accuracy": [
        0.5119990400767939,
        0.5591552675785937,
        0.580153587712983,
        0.593952483801296,
        0.5815934725221982,
        0.5737940964722822,
        0.5766738660907127,
        0.5757139428845692,
        0.5700743940484762,
        0.5500359971202304,
        0.558675305975522,
        0.544876409887209,
        0.5475161987041036,
        0.5532757379409647,
        0.5548356131509479,
        0.5505159587233022,
        0.5487161027117831,
        0.5517158627309815,
        0.5452363810895129,
        0.5401967842572594,
        0.5501559875209984,
        0.5559155267578594,
        0.5471562275017998,
        0.5475161987041036,
        0.5470362371010319
    ],
    "test_loss": 1.1520300299286843,
    "test_accuracy": 0.598
}