{
    "train_loss": [
        1.644554884779478,
        1.315275575334956,
        1.1877643165125802,
        1.0906819376177357,
        1.0262446202527646,
        0.9790092055214948,
        0.937515542349584,
        0.9022295824643007,
        0.8704517798671993,
        0.8440130154719757,
        0.8188894596212809,
        0.7941155386066271,
        0.7727077072286453,
        0.7527820732064897,
        0.7330816741321076,
        0.7120560956191256,
        0.693375948841751,
        0.6739960306924487,
        0.6571919331995408,
        0.6383942569433135,
        0.6191496956232116,
        0.6020625568910353,
        0.5829878530208866,
        0.5649069265162001,
        0.5466981125351865,
        0.5281609109323602,
        0.5113154643402594,
        0.4923533625939727,
        0.47480170281068107,
        0.458203863382936,
        0.4402979275265605,
        0.4231398564377615,
        0.4064463118325878,
        0.39223797054746656,
        0.3771877638280023,
        0.3612168006357904,
        0.34757114953011375,
        0.3342323435280648,
        0.3217451748503582,
        0.3099089417010596,
        0.3002304507201132,
        0.29018043331515425,
        0.282018499003949,
        0.2748147783132989,
        0.26905415658414134,
        0.2636177007923929,
        0.2598397398957351,
        0.25671780135499356,
        0.25468173014039486
    ],
    "train_accuracy": [
        0.4035424566793068,
        0.5271924350789612,
        0.5750732011712187,
        0.611769788316613,
        0.6389862237795805,
        0.6536264580233283,
        0.6671626746027935,
        0.678394854317669,
        0.6911150578409254,
        0.7003072049152786,
        0.7074353189651034,
        0.7168194691115057,
        0.7267796284740555,
        0.7305956895310325,
        0.738851821629146,
        0.7473479575673211,
        0.7538280612489799,
        0.7596841549464791,
        0.764988239811837,
        0.7722843565497047,
        0.7815485047760764,
        0.7862765804252868,
        0.7944607113713819,
        0.8002688043008688,
        0.8071569145106321,
        0.8116209859357749,
        0.8185090961455382,
        0.8265972255556089,
        0.8330293284692555,
        0.8386454183266931,
        0.8462535400566409,
        0.8505496087937406,
        0.8585417366677867,
        0.8660298564777036,
        0.8685018960303365,
        0.8764940239043825,
        0.8818221091537464,
        0.8886382182114914,
        0.8928862861805789,
        0.8972783564537032,
        0.9019824317189075,
        0.9069505112081793,
        0.9096145538328613,
        0.9133586137378198,
        0.9155906494503911,
        0.9187346997551961,
        0.920054720875534,
        0.9220467527480439,
        0.923054768876302
    ],
    "val_loss": [
        1.416656153105362,
        1.229568231569253,
        1.1647344356193112,
        1.0664928988183693,
        1.0323672201354812,
        1.0113886261489828,
        0.9927277919740908,
        0.985859869694807,
        0.9663444740153744,
        0.9327016099411319,
        0.9398802620259755,
        0.9324571637404117,
        0.9539617394368254,
        0.917227184097344,
        0.9443396445741922,
        0.98140419929154,
        0.928818794107277,
        0.926110346568469,
        0.9366712372438039,
        0.9423602689419658,
        0.9428763240396991,
        0.9729359635123538,
        0.9653221898465698,
        0.9776703553868336,
        0.9821587747125166,
        1.0046641209985474,
        0.9991990091783811,
        1.0077955877327478,
        1.0356574052346248,
        1.0514395261786382,
        1.0671991838706836,
        1.0730207906778921,
        1.0955253917985837,
        1.1136650617406727,
        1.1549288311256674,
        1.1539582107917907,
        1.1763376665431473,
        1.1940098048554555,
        1.2113753438410726,
        1.2174583005016875,
        1.2338005509598524,
        1.2479736882883037,
        1.2570489576327335,
        1.2692175102725227,
        1.2765249248521633,
        1.2834594247150628,
        1.2837529140451929,
        1.2880376783962413,
        1.2875669910084122
    ],
    "val_accuracy": [
        0.48608111351091915,
        0.5553155747540197,
        0.5856731461483081,
        0.6168706503479722,
        0.632949364050876,
        0.6405087592992561,
        0.6501079913606912,
        0.646388288936885,
        0.6574274058075354,
        0.673866090712743,
        0.6721862251019919,
        0.677705783537317,
        0.667986561075114,
        0.6841852651787858,
        0.6697864170866331,
        0.6628269738420927,
        0.6868250539956804,
        0.6847852171826254,
        0.6823854091672666,
        0.6793856491480682,
        0.6807055435565155,
        0.6813054955603551,
        0.6846652267818575,
        0.683465322774178,
        0.6826253899688025,
        0.679745620350372,
        0.6845452363810896,
        0.6889848812095032,
        0.6784257259419246,
        0.6825053995680346,
        0.6755459563234941,
        0.6847852171826254,
        0.6805855531557475,
        0.681545476361891,
        0.6732661387089033,
        0.677705783537317,
        0.6766258699304055,
        0.6762658987281017,
        0.6747060235181186,
        0.681545476361891,
        0.6774658027357812,
        0.6784257259419246,
        0.677705783537317,
        0.6761459083273338,
        0.67578593712503,
        0.6763858891288697,
        0.6763858891288697,
        0.6772258219342453,
        0.6765058795296376
    ],
    "test_loss": 1.029197906115651,
    "test_accuracy": 0.6789000000000001
}