{
    "train_loss": [
        1.8482576946721718,
        1.5768659402718381,
        1.4872228680527664,
        1.425223564990614,
        1.3746892596360605,
        1.331908448498471,
        1.2938069436402853,
        1.2584199741170163,
        1.2256253714328686,
        1.1959827497958428,
        1.1646360661238124,
        1.13844297795176,
        1.111245414203971,
        1.088872176969251,
        1.0627079922490414,
        1.039867933060097,
        1.0139581242880498,
        0.9942609872673452,
        0.9736361253515057,
        0.9521294597793643,
        0.9294338477834911,
        0.9057757201880504,
        0.8870366430343247,
        0.8648189932504183,
        0.8431104424648334,
        0.825219977257782,
        0.8008908722817007,
        0.7830214467682315,
        0.7635897746042217,
        0.7425527190950962,
        0.72289955633879,
        0.7049271949470652,
        0.6850372787686767,
        0.667616112790088,
        0.6497705017970171,
        0.6323508003294133,
        0.6151742616965448,
        0.5999976265209004,
        0.5854233865746098,
        0.5715956368885896,
        0.5580662390280575,
        0.5466428718917719,
        0.5369321423915913,
        0.5281674764617317,
        0.5205555660039027,
        0.5141041513235743,
        0.5092055046887903,
        0.5051161943796856
    ],
    "train_accuracy": [
        0.3160130562088993,
        0.4228387654202467,
        0.4570873133970143,
        0.48257572121153935,
        0.4986559784956559,
        0.5149282388518216,
        0.528992463879422,
        0.5452167234675754,
        0.5560168962703403,
        0.5659770556328901,
        0.5788172610761771,
        0.5882494119905918,
        0.6001296020736332,
        0.6066577065233043,
        0.6179618873901982,
        0.6256900110401766,
        0.6354581673306773,
        0.6439543032688523,
        0.6503384054144866,
        0.6568425094801517,
        0.6661066577065232,
        0.6748427974847597,
        0.67988287812605,
        0.6915230643690299,
        0.6974271588345413,
        0.7032832525320405,
        0.713195411126578,
        0.7204195267124274,
        0.7267076273220371,
        0.7348917582681322,
        0.7427878846061536,
        0.7468679498871982,
        0.7542120673930782,
        0.761820189123026,
        0.7685162962607401,
        0.7749243987903806,
        0.7817885086161378,
        0.7865885854173666,
        0.7930206883310132,
        0.8002208035328565,
        0.8053808860941775,
        0.8079489271828348,
        0.8138290212643402,
        0.8168530696491143,
        0.8202371237939806,
        0.8230931694907118,
        0.8254932078913262,
        0.8271012336197379
    ],
    "val_loss": [
        1.6584485431984228,
        1.58688335771151,
        1.4685160255500789,
        1.4489273636467541,
        1.3929045721870663,
        1.370227158770505,
        1.34143513153576,
        1.3323102236823954,
        1.297557613018293,
        1.2586262051024137,
        1.2495872383641773,
        1.2531923136609275,
        1.2203428943236727,
        1.2549894121816354,
        1.209344518765403,
        1.252284757576602,
        1.1857660037595246,
        1.1808124961171014,
        1.178776990689332,
        1.1617583946298289,
        1.1575571656198504,
        1.1611780427129885,
        1.1515995065085116,
        1.1702905033657183,
        1.160041139756343,
        1.168890166059512,
        1.1732210440260344,
        1.18164238859373,
        1.1965605669065091,
        1.2149886318125083,
        1.2133908675018477,
        1.2217456568466092,
        1.2329127117615968,
        1.2624070956848896,
        1.2721699947772451,
        1.2789262090193902,
        1.2984554742111816,
        1.3075175625559292,
        1.3174233155869053,
        1.3442015790641808,
        1.3646450116890696,
        1.372840009863954,
        1.379210591945598,
        1.3904674276620157,
        1.4042867241587775,
        1.406540547017717,
        1.4118759849244866,
        1.4124858624247987
    ],
    "val_accuracy": [
        0.3966882649388049,
        0.42548596112311016,
        0.4695224382049436,
        0.4738420926325894,
        0.5027597792176626,
        0.5075593952483801,
        0.5225581953443724,
        0.5227981761459083,
        0.5382769378449724,
        0.5476361891048717,
        0.5542356611471082,
        0.5509959203263739,
        0.5694744420446364,
        0.5548356131509479,
        0.5668346532277417,
        0.5638348932085433,
        0.5808735301175906,
        0.5869930405567555,
        0.5860331173506119,
        0.5945524358051356,
        0.599712023038157,
        0.5983921286297096,
        0.5985121190304775,
        0.6003119750419966,
        0.6007919366450684,
        0.6028317734581233,
        0.6145908327333813,
        0.6059515238780897,
        0.6033117350611951,
        0.601631869450444,
        0.6057115430765538,
        0.6095512359011279,
        0.6085913126949845,
        0.6012718982481402,
        0.6033117350611951,
        0.6030717542596592,
        0.6021118310535157,
        0.6018718502519799,
        0.5967122630189585,
        0.601631869450444,
        0.5971922246220303,
        0.5964722822174227,
        0.597672186225102,
        0.595632349412047,
        0.595752339812815,
        0.595632349412047,
        0.5943124550035997,
        0.5945524358051356
    ],
    "test_loss": 1.2185361219584943,
    "test_accuracy": 0.5881000000000001
}