{
    "train_loss": [
        1.4850584261989488,
        1.1924827992930414,
        1.0601537272520785,
        0.9709048067156388,
        0.8931967754556964,
        0.8259905259556465,
        0.767465312143864,
        0.7039082400225039,
        0.6413648439457623,
        0.5839971573043002,
        0.5217771916933884,
        0.4689741944342098,
        0.4195984843623034,
        0.37669876062799,
        0.3333173289013312,
        0.2964392476151651,
        0.2651162914345836,
        0.23693988087863285,
        0.21688625103771372,
        0.19541600000537424,
        0.1700343425504545,
        0.15637233191586966,
        0.13856211415246036,
        0.12881558101012708,
        0.10863835020055895,
        0.09922893763498633,
        0.08710317803808368,
        0.07716550316899407,
        0.06532713153182053,
        0.05874433355605292
    ],
    "train_accuracy": [
        0.4575193203091249,
        0.5724331589305428,
        0.6213459415350645,
        0.6564585033360534,
        0.6855949695195123,
        0.70988335813373,
        0.7310516968271492,
        0.7502040032640522,
        0.7727403638458215,
        0.795300724811597,
        0.8148850381606105,
        0.8344933518936303,
        0.8524696395142322,
        0.866437863005808,
        0.8811500984015743,
        0.8937503000048,
        0.9071425142802284,
        0.9161426582825325,
        0.9212787404598473,
        0.9298948783180531,
        0.9404550472807565,
        0.9451591225459607,
        0.9502472039552632,
        0.955047280756492,
        0.9616713867421878,
        0.9654874477991647,
        0.9689195027120433,
        0.9732155714491432,
        0.9774876398022367,
        0.9798156770508327
    ],
    "val_loss": [
        1.2979307926213224,
        1.1824512450649838,
        1.1318406896866395,
        1.1030326193689814,
        1.053387527460671,
        1.0865612713830604,
        1.064440083848449,
        1.0873684719837853,
        1.1245598776794778,
        1.139797378761436,
        1.2050708525825067,
        1.2521702797812095,
        1.3312510549449967,
        1.3792717221123953,
        1.462011219535353,
        1.497252824894846,
        1.5741102251389385,
        1.643052684951807,
        1.7232221074599905,
        1.7590213874518112,
        1.8782247143183177,
        1.8971498553304327,
        1.928668497962587,
        2.038124012500553,
        2.113575053940596,
        2.140113602026507,
        2.144522210582197,
        2.256324696211193,
        2.30132544504218,
        2.312329921198271
    ],
    "val_accuracy": [
        0.527237820974322,
        0.5797936165106792,
        0.5964722822174227,
        0.6112311015118791,
        0.6283897288216943,
        0.6220302375809935,
        0.6294696424286057,
        0.630909527237821,
        0.6328293736501079,
        0.628989680825534,
        0.6277897768178545,
        0.6263498920086393,
        0.625029997600192,
        0.6233501319894409,
        0.609311255099592,
        0.6196304295656347,
        0.6217902567794577,
        0.6193904487640989,
        0.6119510439164867,
        0.6204703623710103,
        0.6204703623710103,
        0.617110631149508,
        0.6167506599472042,
        0.6178305735541156,
        0.6180705543556515,
        0.6184305255579554,
        0.6187904967602592,
        0.6221502279817615,
        0.6227501799856011,
        0.6251499880009599
    ],
    "test_loss": 1.106116128718853,
    "test_accuracy": 0.6321
}