{
    "train_loss": [
        1.7708574366090004,
        1.5182577586120223,
        1.4168821683008042,
        1.3460912429347405,
        1.2906012884882325,
        1.2392785516833742,
        1.1960302760584678,
        1.1575985007305984,
        1.1163490377539995,
        1.0808083817641023,
        1.0428570557165917,
        1.008478769986301,
        0.9732337533377631,
        0.9404462594523728,
        0.9046307504484659,
        0.8745990317109761,
        0.8380644742862768,
        0.8050259255884544,
        0.7723713194117146,
        0.739117181421854,
        0.7025167871993852,
        0.6707385546752084,
        0.6392783054799701,
        0.6045257693120568,
        0.5705109581201789,
        0.5393720405661859,
        0.5037697597813121,
        0.47161689352893066,
        0.43888089990130036,
        0.40846924253549466,
        0.3794234214463772,
        0.3509461749959523,
        0.32179725049022884,
        0.29677959416190924,
        0.2721200980334045,
        0.24793949093122383,
        0.22570960072695284,
        0.20575223177250676
    ],
    "train_accuracy": [
        0.3389574233187731,
        0.44583113329813273,
        0.48271972351557624,
        0.5138962223395575,
        0.5300724811596985,
        0.5497287956607305,
        0.564801036816589,
        0.5808092929486871,
        0.5959055344885518,
        0.6087217395478327,
        0.6231699707195315,
        0.6364901838429414,
        0.6471703547256755,
        0.6588105409686554,
        0.6735947775164403,
        0.6810108961743387,
        0.6958911342581481,
        0.7077473239571833,
        0.7205395286324581,
        0.7322997167954687,
        0.7457879326069217,
        0.7568041088657418,
        0.7671962751404022,
        0.7797244755916094,
        0.7903326453223251,
        0.8043968703499256,
        0.8176690827053232,
        0.8292612681802908,
        0.8437575001200018,
        0.8523016368261892,
        0.8644698315173043,
        0.8755100081601305,
        0.8854461671386742,
        0.8956943311092977,
        0.9063985023760379,
        0.9162866605865694,
        0.9246867949887198,
        0.9342629482071713
    ],
    "val_loss": [
        1.5732114318179833,
        1.4727782407824244,
        1.419435189529549,
        1.3999245610201647,
        1.337528147312958,
        1.3219550312752628,
        1.2984788340574722,
        1.2807826645259295,
        1.3012624388408227,
        1.2676876393158658,
        1.294821338885861,
        1.286964030625696,
        1.3000487034372898,
        1.2935863080744494,
        1.3075265629788742,
        1.3158634453475517,
        1.3640738831511612,
        1.3975218785504286,
        1.3669671577059281,
        1.42052605065162,
        1.4420650537948916,
        1.4938243881300652,
        1.5386891972326333,
        1.5808604777445747,
        1.616972892539576,
        1.7087443669923124,
        1.7674267113938273,
        1.8535597757137963,
        1.9294477751036472,
        1.9780919210055992,
        2.076242845615438,
        2.192721112568458,
        2.2721852408393497,
        2.373324377983916,
        2.485118021835862,
        2.5629414125744145,
        2.704179570452541,
        2.817458097711438
    ],
    "val_accuracy": [
        0.41960643148548116,
        0.46472282217422606,
        0.4845212383009359,
        0.48836093112550993,
        0.5092392608591313,
        0.5243580513558915,
        0.5302375809935205,
        0.5382769378449724,
        0.5255579553635709,
        0.5419966402687785,
        0.5443964482841372,
        0.5433165346772258,
        0.5484761219102472,
        0.5483561315094793,
        0.5530357571394289,
        0.5553155747540197,
        0.5562754979601632,
        0.5439164866810655,
        0.5550755939524838,
        0.5529157667386609,
        0.5512359011279098,
        0.548836093112551,
        0.5412766978641709,
        0.5418766498680105,
        0.5427165826733862,
        0.5375569954403647,
        0.5400767938564914,
        0.5345572354211663,
        0.535037197024238,
        0.531317494600432,
        0.5345572354211663,
        0.527237820974322,
        0.5265178785697144,
        0.5307175425965923,
        0.5193184545236381,
        0.5260379169666427,
        0.5197984161267099,
        0.5148788096952244
    ],
    "test_loss": 1.4176032014846802,
    "test_accuracy": 0.541
}