{
    "train_loss": [
        1.5752892781967953,
        1.2218927255012364,
        1.0926149860349899,
        1.0171931245772978,
        0.9648614518928418,
        0.9240954241853105,
        0.8870134522984353,
        0.857511360143005,
        0.8272509025407583,
        0.7992254631535798,
        0.7733359469728212,
        0.7519600401609108,
        0.7276638735303703,
        0.7028470212562471,
        0.6809885982549952,
        0.6571432368896277,
        0.6331071794749749,
        0.6113432127608115,
        0.5876025117385498,
        0.5628640098393647,
        0.5417306044768001,
        0.5173343907801564,
        0.49262160878230266,
        0.4674197157120425,
        0.44466107206324607,
        0.4176512355354941,
        0.3942807329624501,
        0.3644623001193838,
        0.34171366413207366,
        0.3157199268170609,
        0.2909440804183124,
        0.26546001542686914,
        0.24125013673797044,
        0.21751171547816872,
        0.1951732953213694,
        0.17434159739868402,
        0.15326368696793613,
        0.13526768559154428,
        0.11906050104368562,
        0.10447884424148245
    ],
    "train_accuracy": [
        0.4286708587337397,
        0.5640810252964047,
        0.6105697691163058,
        0.637090193443095,
        0.6557624921998751,
        0.670570729131666,
        0.6842989487831805,
        0.6954831277300436,
        0.7061872989967839,
        0.7166274660394566,
        0.725363605817693,
        0.7329477271636345,
        0.7405318485095761,
        0.7520520328325253,
        0.7591081457303316,
        0.7656362501800028,
        0.7747083953343253,
        0.784812557000912,
        0.7897326357221716,
        0.8002688043008688,
        0.8083329333269332,
        0.8149090385446167,
        0.8244131906110497,
        0.8329333269332309,
        0.8439015024240387,
        0.853117649882398,
        0.8599817597081553,
        0.8724619593913502,
        0.881246099937599,
        0.8896462343397494,
        0.9006384102145634,
        0.9091825469207506,
        0.9194547112753804,
        0.9294868717899486,
        0.9382950127202034,
        0.9452551240819852,
        0.9544712715403446,
        0.9626314021024336,
        0.9697835165362645,
        0.9751116017856285
    ],
    "val_loss": [
        1.3223920018088768,
        1.1317171329699005,
        1.0877509450838094,
        1.050791384191401,
        1.029172867944208,
        0.9428540497253002,
        0.947276216224712,
        0.9653910667970079,
        0.9042465271482314,
        0.9304921883336068,
        0.8938156169024994,
        0.9076991193094842,
        0.908054121405437,
        0.9059177256328527,
        0.9129343030405239,
        0.8877774903406364,
        0.9226899645527061,
        0.909416493192004,
        0.9205209548156669,
        0.9444108257869865,
        0.9665501365772906,
        0.975982463829003,
        0.9894101371725371,
        1.0021468651703802,
        1.0113010540915703,
        1.0494819413401224,
        1.068365943780156,
        1.0814592874869757,
        1.1242299511070328,
        1.1596056067449372,
        1.2171093539647957,
        1.2507616730582551,
        1.317482775954683,
        1.3439873074618767,
        1.3883819327541527,
        1.433239103709724,
        1.494319221388816,
        1.5159951249137074,
        1.5862651605776796,
        1.6202906448468262
    ],
    "val_accuracy": [
        0.5279577633789296,
        0.6012718982481402,
        0.6143508519318455,
        0.6328293736501079,
        0.6378689704823615,
        0.6683465322774178,
        0.6715862730981521,
        0.6599472042236622,
        0.689464842812575,
        0.6748260139188865,
        0.6868250539956804,
        0.6826253899688025,
        0.6846652267818575,
        0.6862251019918406,
        0.6874250059995201,
        0.6899448044156468,
        0.6868250539956804,
        0.6853851691864651,
        0.6930645548356131,
        0.6850251979841613,
        0.6841852651787858,
        0.6862251019918406,
        0.6849052075833933,
        0.6823854091672666,
        0.6876649868010559,
        0.6822654187664987,
        0.6849052075833933,
        0.6859851211903047,
        0.6823854091672666,
        0.6841852651787858,
        0.6773458123350132,
        0.6780657547396208,
        0.6719462443004559,
        0.6762658987281017,
        0.6745860331173507,
        0.67170626349892,
        0.6721862251019919,
        0.6733861291096712,
        0.6715862730981521,
        0.6708663306935445
    ],
    "test_loss": 0.9392905688434839,
    "test_accuracy": 0.6874
}